<?xml version="1.0" encoding="UTF-8"?>
<Configuration >
 
    <Appenders>
        <Console name="ConsoleAppender" target="SYSTEM_OUT" follow="true">
            <PatternLayout pattern="%d{yyyy-MM-dd HH:mm:ss.SSS} %5p ${hostName} --- [%15.15t] %-40.40c{1.} : %m%n%ex"/>
        </Console>
        <File name="FileAppender" fileName="info.log">
            <PatternLayout pattern ="[%-5level] %d{yyyy-MM-dd HH:mm:ss.SSS} [%t] %c{1} - %msg%n"/>
        </File>
    </Appenders>
    <Loggers>
        <Logger name="com.rental" level="info" additivity="false">
            <AppenderRef ref="FileAppender" />
        </Logger>

        <Root level="warn">
            <AppenderRef ref="ConsoleAppender" />
        </Root>
    </Loggers>
</Configuration>